,Sample,Forceplot,Key,Stiffness
0,20-027_region1,0,20-027_region1_0.tif,5.496459375583788
1,20-027_region1,1,20-027_region1_1.tif,5.311448054405243
2,20-027_region1,2,20-027_region1_2.tif,5.294892895623304
3,20-027_region1,3,20-027_region1_3.tif,5.830872670449397
4,20-027_region1,4,20-027_region1_4.tif,6.868578311327175
5,20-027_region1,5,20-027_region1_5.tif,5.882723373095256
6,20-027_region1,6,20-027_region1_6.tif,5.604416709990133
7,20-027_region1,7,20-027_region1_7.tif,6.6908343172858284
8,20-027_region1,8,20-027_region1_8.tif,6.5997168523373375
9,20-027_region1,9,20-027_region1_9.tif,6.043952679857227
10,20-027_region1,10,20-027_region1_10.tif,6.619448877442234
11,20-027_region1,11,20-027_region1_11.tif,6.823152685627315
12,20-027_region1,12,20-027_region1_12.tif,6.387837206288643
13,20-027_region1,13,20-027_region1_13.tif,5.450507127639752
14,20-027_region1,14,20-027_region1_14.tif,5.909310911323035
15,20-027_region1,15,20-027_region1_15.tif,5.362974030188381
16,20-027_region1,16,20-027_region1_16.tif,4.954311280688756
17,20-027_region1,17,20-027_region1_17.tif,5.8438618506279045
18,20-027_region1,18,20-027_region1_18.tif,6.697774735623391
19,20-027_region1,19,20-027_region1_19.tif,5.856909284861629
20,20-027_region1,20,20-027_region1_20.tif,5.800816936328832
21,20-027_region1,21,20-027_region1_21.tif,6.498392401841485
22,20-027_region1,22,20-027_region1_22.tif,5.824778618342466
23,20-030_region1,0,20-030_region1_0.tif,5.318965815617059
24,20-030_region1,1,20-030_region1_1.tif,6.088102039352132
25,20-030_region1,2,20-030_region1_2.tif,5.733518986275479
26,20-030_region1,3,20-030_region1_3.tif,5.247416362301878
27,20-030_region1,4,20-030_region1_4.tif,5.424429193413994
28,20-030_region1,5,20-030_region1_5.tif,6.234819265321501
29,20-030_region1,6,20-030_region1_6.tif,6.060737824024425
30,20-030_region1,7,20-030_region1_7.tif,5.527368358305007
31,20-030_region1,8,20-030_region1_8.tif,5.254161518304328
32,20-030_region1,9,20-030_region1_9.tif,6.348511753363241
33,20-030_region1,10,20-030_region1_10.tif,5.702635828018769
34,20-030_region1,11,20-030_region1_11.tif,5.654629481343198
35,20-030_region1,12,20-030_region1_12.tif,5.709881287675856
36,20-030_region1,13,20-030_region1_13.tif,5.548645756752292
37,20-030_region1,14,20-030_region1_14.tif,6.143391628218264
38,20-030_region1,15,20-030_region1_15.tif,5.3548327742057165
39,20-030_region1,16,20-030_region1_16.tif,5.008085876757115
40,20-030_region1,17,20-030_region1_17.tif,5.461011711842933
41,20-030_region1,18,20-030_region1_18.tif,5.402789656704337
42,20-030_region2,0,20-030_region2_0.tif,6.166355517705971
43,20-030_region2,1,20-030_region2_1.tif,6.459710799189671
44,20-030_region2,2,20-030_region2_2.tif,6.125299310174801
45,20-030_region2,3,20-030_region2_3.tif,5.970162573870965
46,20-030_region2,4,20-030_region2_4.tif,5.771196388328417
47,20-030_region2,5,20-030_region2_5.tif,5.713614416984206
48,20-030_region2,6,20-030_region2_6.tif,6.836426037422014
49,20-030_region2,7,20-030_region2_7.tif,5.474639976617462
50,20-030_region2,8,20-030_region2_8.tif,5.8408652965215575
51,20-030_region2,9,20-030_region2_9.tif,5.524964385367816
52,20-030_region2,10,20-030_region2_10.tif,5.400184871902184
53,20-030_region2,11,20-030_region2_11.tif,4.923162000226752
54,20-030_region2,12,20-030_region2_12.tif,6.001902891325753
55,20-030_region2,13,20-030_region2_13.tif,5.797675171334984
56,20-030_region2,14,20-030_region2_14.tif,6.385213947714844
57,20-030_region2,15,20-030_region2_15.tif,5.6186941091768485
58,20-030_region2,16,20-030_region2_16.tif,5.431003232429656
59,20-030_region2,17,20-030_region2_17.tif,5.674019283657785
60,20-030_region2,18,20-030_region2_18.tif,5.199461484542717
61,20-030_region2,19,20-030_region2_19.tif,5.927914823248913
62,20-030_region2,20,20-030_region2_20.tif,5.515607223051007
63,20-037_region1,0,20-037_region1_0.tif,6.33802915444675
64,20-037_region1,1,20-037_region1_1.tif,5.534156722322753
65,20-037_region1,2,20-037_region1_2.tif,5.395089128345209
66,20-037_region1,3,20-037_region1_3.tif,5.836201419497982
67,20-037_region1,4,20-037_region1_4.tif,5.645909963323626
68,20-037_region1,5,20-037_region1_5.tif,6.107907125904405
69,20-037_region1,6,20-037_region1_6.tif,5.904545431872735
70,20-037_region1,7,20-037_region1_7.tif,5.31606618621399
71,20-037_region1,8,20-037_region1_8.tif,6.450363891064915
72,20-037_region1,9,20-037_region1_9.tif,6.416063157059207
73,20-037_region1,10,20-037_region1_10.tif,6.50681870502213
74,20-037_region1,11,20-037_region1_11.tif,5.6260998635541695
75,20-037_region1,12,20-037_region1_12.tif,6.689646919106172
76,20-037_region1,13,20-037_region1_13.tif,6.665848555110733
77,20-037_region1,14,20-037_region1_14.tif,5.938994936668876
78,20-037_region1,15,20-037_region1_15.tif,6.292599396687939
79,20-037_region1,16,20-037_region1_16.tif,5.085686854821078
80,20-037_region1,17,20-037_region1_17.tif,6.117395307662849
81,20-037_region1,18,20-037_region1_18.tif,5.2251500795462045
82,20-037_region1,19,20-037_region1_19.tif,6.306253310127382
83,20-037_region1,20,20-037_region1_20.tif,5.8515273899762095
84,20-037_region1,21,20-037_region1_21.tif,5.806975380417454
85,20-037_region1,22,20-037_region1_22.tif,5.1990622701918765
86,20-037_region1,23,20-037_region1_23.tif,5.234918685576741
87,20-037_region1,24,20-037_region1_24.tif,6.895251109034632
88,20-037_region1,25,20-037_region1_25.tif,6.191632346725452
89,20-037_region1,26,20-037_region1_26.tif,5.544444130552845
90,20-037_region1,27,20-037_region1_27.tif,6.453950815164284
91,20-037_region1,28,20-037_region1_28.tif,5.613347401554516
92,20-037_region1,29,20-037_region1_29.tif,5.210243683425838
93,20-037_region1,30,20-037_region1_30.tif,6.032390342332345
94,20-037_region1,31,20-037_region1_31.tif,5.122772732518786
95,20-037_region1,32,20-037_region1_32.tif,5.879719390505184
96,20-037_region1,33,20-037_region1_33.tif,5.096423902822035
97,20-037_region1,34,20-037_region1_34.tif,5.810546954514484
98,20-037_region1,35,20-037_region1_35.tif,5.894980141550921
99,20-037_region1,36,20-037_region1_36.tif,5.530494289515507
100,20-037_region1,37,20-037_region1_37.tif,5.404289264927086
101,20-037_region1,38,20-037_region1_38.tif,4.968884692220287
102,20-037_region1,39,20-037_region1_39.tif,4.843513194228544
103,20-037_region1,40,20-037_region1_40.tif,6.263460760567378
104,20-037_region1,41,20-037_region1_41.tif,5.453373889839101
105,20-037_region1,42,20-037_region1_42.tif,5.6619399567913815
106,20-037_region1,43,20-037_region1_43.tif,5.260785793217797
107,20-037_region1,44,20-037_region1_44.tif,5.997650278605098
108,20-037_region2,0,20-037_region2_0.tif,5.230400180289389
109,20-037_region2,1,20-037_region2_1.tif,5.471996819787417
110,20-037_region2,2,20-037_region2_2.tif,6.047069158198299
111,20-037_region2,3,20-037_region2_3.tif,5.716234533794541
112,20-037_region2,4,20-037_region2_4.tif,5.206916856028248
113,20-037_region2,5,20-037_region2_5.tif,5.228842216657213
114,20-037_region2,6,20-037_region2_6.tif,5.372387091160603
115,20-037_region2,7,20-037_region2_7.tif,5.984754553818344
116,20-037_region2,8,20-037_region2_8.tif,5.905914752111199
117,20-037_region2,9,20-037_region2_9.tif,5.109285816464443
118,20-037_region2,10,20-037_region2_10.tif,5.515496120753364
119,20-037_region2,11,20-037_region2_11.tif,5.60287102287678
120,20-037_region2,12,20-037_region2_12.tif,6.501393915936092
121,20-037_region2,13,20-037_region2_13.tif,6.575782616909037
122,20-037_region2,14,20-037_region2_14.tif,6.170907066281377
123,20-037_region2,15,20-037_region2_15.tif,5.317494108829561
124,20-037_region2,16,20-037_region2_16.tif,5.342348065575274
125,20-037_region2,17,20-037_region2_17.tif,5.4046460043327365
126,20-037_region2,18,20-037_region2_18.tif,6.150814862306697
127,20-037_region2,19,20-037_region2_19.tif,6.469729746418345
128,20-037_region2,20,20-037_region2_20.tif,6.799729354484044
129,20-037_region2,21,20-037_region2_21.tif,6.791267264815112
130,20-037_region2,22,20-037_region2_22.tif,6.914032996523722
131,20-037_region2,23,20-037_region2_23.tif,6.292403682820988
132,20-037_region2,24,20-037_region2_24.tif,6.5689404946860925
133,20-037_region2,25,20-037_region2_25.tif,6.702003247864406
134,20-037_region2,26,20-037_region2_26.tif,6.207791603188792
135,20-037_region2,27,20-037_region2_27.tif,6.363781650549166
136,20-037_region2,28,20-037_region2_28.tif,6.799670426964876
137,20-037_region2,29,20-037_region2_29.tif,6.429549596061248
138,20-037_region2,30,20-037_region2_30.tif,6.749336598698
139,20-037_region2,31,20-037_region2_31.tif,5.86759532515136
140,20-037_region2,32,20-037_region2_32.tif,5.800514224449766
141,20-037_region2,33,20-037_region2_33.tif,4.97839811925816
142,20-037_region2,34,20-037_region2_34.tif,5.969935494283791
143,20-037_region2,35,20-037_region2_35.tif,5.725765842411845
144,20-037_region2,36,20-037_region2_36.tif,5.662031872780233
145,20-037_region2,37,20-037_region2_37.tif,5.020995666922036
146,B1974_region1,0,B1974_region1_0.tif,7.166283127641161
147,B1974_region1,1,B1974_region1_1.tif,7.338882331112861
148,B1974_region1,2,B1974_region1_2.tif,6.7572218935376815
149,B1974_region1,3,B1974_region1_3.tif,7.278510692718281
150,B1974_region1,4,B1974_region1_4.tif,6.22480932171661
151,B1974_region1,5,B1974_region1_5.tif,7.063148769004704
152,B1974_region1,6,B1974_region1_6.tif,6.895472864927702
153,B1974_region1,7,B1974_region1_7.tif,7.08781402967155
154,B1974_region1,8,B1974_region1_8.tif,6.87969421646554
155,B1974_region1,9,B1974_region1_9.tif,6.076293170293949
156,B1974_region1,10,B1974_region1_10.tif,6.997327549609745
157,B1974_region1,11,B1974_region1_11.tif,6.458698223472702
158,B1974_region1,12,B1974_region1_12.tif,7.119230776114436
159,B1974_region1,13,B1974_region1_13.tif,6.152490241413406
160,B1974_region1,14,B1974_region1_14.tif,6.739763035572934
161,B1974_region1,15,B1974_region1_15.tif,6.982643257208738
162,B1974_region1,16,B1974_region1_16.tif,6.642512124983389
163,B1974_region1,17,B1974_region1_17.tif,6.621167091645343
164,B1974_region1,18,B1974_region1_18.tif,6.618439972177772
165,B1974_region1,19,B1974_region1_19.tif,7.01971471198731
166,B1974_region1,20,B1974_region1_20.tif,6.797798732661619
167,B1974_region1,21,B1974_region1_21.tif,6.881073345862565
168,B1974_region1,22,B1974_region1_22.tif,6.764991078010598
169,B1974_region1,23,B1974_region1_23.tif,6.840866420556985
170,B1974_region1,24,B1974_region1_24.tif,6.042639556058344
171,B1974_region1,25,B1974_region1_25.tif,7.1639366074403386
172,B1974_region1,26,B1974_region1_26.tif,6.852515191288473
173,B1974_region1,27,B1974_region1_27.tif,6.735103494989889
174,B1974_region1,28,B1974_region1_28.tif,6.735900564851609
175,B1974_region1,29,B1974_region1_29.tif,6.760595953578496
176,B1974_region2,0,B1974_region2_0.tif,6.250411719182496
177,B1974_region2,1,B1974_region2_1.tif,6.464637698396394
178,B1974_region2,2,B1974_region2_2.tif,6.2343149171956505
179,B1974_region2,3,B1974_region2_3.tif,5.975796390423983
180,B1974_region2,4,B1974_region2_4.tif,6.0218589900088775
181,B1974_region2,5,B1974_region2_5.tif,6.159874348399053
182,B1974_region2,6,B1974_region2_6.tif,6.655465727593196
183,B1974_region2,7,B1974_region2_7.tif,6.431910907509051
184,B1974_region2,8,B1974_region2_8.tif,6.699545567462445
185,B1974_region2,9,B1974_region2_9.tif,6.432116563036769
186,B1974_region2,10,B1974_region2_10.tif,6.557252489305131
187,B1974_region2,11,B1974_region2_11.tif,6.355093829683094
188,B1974_region2,12,B1974_region2_12.tif,6.298555793640458
189,B1974_region2,13,B1974_region2_13.tif,5.704876359771188
190,B1974_region2,14,B1974_region2_14.tif,6.567047859566264
191,B1974_region2,15,B1974_region2_15.tif,6.878543487269499
192,B1974_region2,16,B1974_region2_16.tif,6.588468044843928
193,B1974_region2,17,B1974_region2_17.tif,6.055008670691898
194,B1974_region2,18,B1974_region2_18.tif,5.96223630680951
195,B1974_region2,19,B1974_region2_19.tif,5.863424650749535
196,B1974_region2,20,B1974_region2_20.tif,7.07004487810576
197,B1974_region2,21,B1974_region2_21.tif,6.110128679284018
198,B1974_region2,22,B1974_region2_22.tif,6.657601602881478
199,B1974_region2,23,B1974_region2_23.tif,5.9780656190499055
200,B1974_region2,24,B1974_region2_24.tif,6.423597964322889
201,B1974_region2,25,B1974_region2_25.tif,5.923840978732049
202,B1974_region2,26,B1974_region2_26.tif,6.143131290702343
203,B1974_region2,27,B1974_region2_27.tif,6.460998339492521
204,B1974_region2,28,B1974_region2_28.tif,6.227462345823418
205,B1974_region2,29,B1974_region2_29.tif,6.539587742950588
206,B1974_region2,30,B1974_region2_30.tif,5.692351440913025
207,B1974_region2,31,B1974_region2_31.tif,6.821377332952273
208,B1974_region2,32,B1974_region2_32.tif,5.661835593539715
209,B1974_region2,33,B1974_region2_33.tif,6.526388685318054
210,B1974_region2,34,B1974_region2_34.tif,6.5229206904653765
211,B1974_region2,35,B1974_region2_35.tif,6.750065427793922
212,B1974_region2,36,B1974_region2_36.tif,6.826727168542467
213,B1974_region2,37,B1974_region2_37.tif,6.695800761462093
214,B1974_region2,38,B1974_region2_38.tif,5.8234156106068165
215,B1974_region2,39,B1974_region2_39.tif,5.884890291506316
216,B1974_region2,40,B1974_region2_40.tif,6.243296453278392
217,B2066-Q4,0,B2066-Q4_0.tif,5.473254240365471
218,B2066-Q4,1,B2066-Q4_1.tif,6.523420243822146
219,B2066-Q4,2,B2066-Q4_2.tif,5.582647884586303
220,B2066-Q4,3,B2066-Q4_3.tif,6.305619061935317
221,B2066-Q4,4,B2066-Q4_4.tif,5.548678410466214
222,B2066-Q4,5,B2066-Q4_5.tif,6.655144951221719
223,B2066-Q4,6,B2066-Q4_6.tif,5.183244694720933
224,B2066-Q4,7,B2066-Q4_7.tif,6.437975665600815
225,B2066-Q4,8,B2066-Q4_8.tif,5.550890898646942
226,B2066-Q4,9,B2066-Q4_9.tif,5.794751876273266
227,B2066-Q4,10,B2066-Q4_10.tif,5.8930425717623685
228,B2066-Q4,11,B2066-Q4_11.tif,5.661972289006145
229,B2066-Q4,12,B2066-Q4_12.tif,6.176761253162001
230,B2066-Q4,13,B2066-Q4_13.tif,5.6812458407989785
231,B2066-Q4,14,B2066-Q4_14.tif,6.443385892845876
232,B2066-Q4,15,B2066-Q4_15.tif,6.255421066290111
233,B2066-Q4,16,B2066-Q4_16.tif,6.479027736323905
234,B2066-Q4,17,B2066-Q4_17.tif,6.3888759800036565
235,B2066-Q4,18,B2066-Q4_18.tif,5.681090633597052
236,B2066-Q4,19,B2066-Q4_19.tif,6.047704382140805
237,B2066-Q4,20,B2066-Q4_20.tif,6.622836533054996
238,B2066-Q4,21,B2066-Q4_21.tif,6.3753625209791975
239,B2066-Q4,22,B2066-Q4_22.tif,6.130709393899884
240,B2066-Q4,23,B2066-Q4_23.tif,6.4402667839773375
241,B2066-Q6,0,B2066-Q6_0.tif,5.538247891023544
242,B2066-Q6,1,B2066-Q6_1.tif,6.08521779359699
243,B2066-Q6,2,B2066-Q6_2.tif,5.729818935671537
244,B2066-Q6,3,B2066-Q6_3.tif,6.24249354884706
245,B2066-Q6,4,B2066-Q6_4.tif,6.308448544074144
246,B2066-Q6,5,B2066-Q6_5.tif,5.69080970870713
247,B2066-Q6,6,B2066-Q6_6.tif,6.483059996186465
248,B2066-Q6,7,B2066-Q6_7.tif,6.860418035827141
249,B2066-Q6,8,B2066-Q6_8.tif,6.913866710187084
250,B2066-Q6,9,B2066-Q6_9.tif,5.926870762346361
251,B2066-Q6,10,B2066-Q6_10.tif,5.313643487914463
252,B2066-Q6,11,B2066-Q6_11.tif,6.078052440910756
253,B2066-Q6,12,B2066-Q6_12.tif,6.151634863087876
254,B2066-Q6,13,B2066-Q6_13.tif,6.473347252894492
255,B2066-Q6,14,B2066-Q6_14.tif,6.83455551186399
256,B2066-Q6,15,B2066-Q6_15.tif,5.780015205530551
257,B2066-Q6,16,B2066-Q6_16.tif,6.246907951591962
258,B2066-Q6,17,B2066-Q6_17.tif,5.844729350943545
259,B2066-Q6,18,B2066-Q6_18.tif,6.322690284256639
260,B2066-Q6,19,B2066-Q6_19.tif,6.291875643491923
261,B2066-Q6,20,B2066-Q6_20.tif,6.845215446247372
262,B2066-Q6,21,B2066-Q6_21.tif,6.115229440727857
263,B2066-Q6,22,B2066-Q6_22.tif,7.262211199968977
264,B2066-Q6,23,B2066-Q6_23.tif,5.962805025201049
265,B2066-Q6,24,B2066-Q6_24.tif,6.309929767661161
266,B2066-Q6,25,B2066-Q6_25.tif,5.66625453815888
267,B2066-Q6,26,B2066-Q6_26.tif,6.0898397533761015
268,B2066-Q6,27,B2066-Q6_27.tif,6.628157892461762
269,B2066-Q6,28,B2066-Q6_28.tif,5.58345280746165
270,B2066-Q6,29,B2066-Q6_29.tif,5.817037652491892
271,B2066-Q6,30,B2066-Q6_30.tif,6.13196074650569
272,B2066-Q6,31,B2066-Q6_31.tif,6.329842502158336
273,B2066-Q6,32,B2066-Q6_32.tif,6.098482382659991
274,B2066-Q6,33,B2066-Q6_33.tif,6.288456684940931
275,B2066-Q6,34,B2066-Q6_34.tif,5.540129713182191
276,B2066-Q6,35,B2066-Q6_35.tif,6.863601195354321
277,B2066-Q6,36,B2066-Q6_36.tif,5.301664455978834
278,B2066-Q6,37,B2066-Q6_37.tif,6.269961746480302
279,B2066-Q6,38,B2066-Q6_38.tif,5.678771170605514
280,B2066-Q6,39,B2066-Q6_39.tif,5.970353157138454
281,B2066-Q6,40,B2066-Q6_40.tif,6.55164516427077
282,B2066-Q6,41,B2066-Q6_41.tif,5.66600591593906
283,B2066-Q6,42,B2066-Q6_42.tif,6.56660854465572
284,B2066-Q6,43,B2066-Q6_43.tif,5.700145041270598
285,B2066-Q6,44,B2066-Q6_44.tif,6.467972191300033
286,B2066-Q6,45,B2066-Q6_45.tif,6.313276214644293
287,B2066-Q6,46,B2066-Q6_46.tif,6.361719216859187
288,B2066-Q6,47,B2066-Q6_47.tif,6.113641466648662
289,B2066-Q6,48,B2066-Q6_48.tif,6.060497929708774
290,B2066-Q6,49,B2066-Q6_49.tif,5.597930272122007
291,B2066-Q6,50,B2066-Q6_50.tif,5.536645553153026
292,B2066-Q6,51,B2066-Q6_51.tif,5.253512436797316
293,B2066-Q6,52,B2066-Q6_52.tif,5.474475071513156
294,B2074-Q3,0,B2074-Q3_0.tif,5.920628599113262
295,B2074-Q3,1,B2074-Q3_1.tif,6.664943319533429
296,B2074-Q3,2,B2074-Q3_2.tif,6.069547130338618
297,B2074-Q3,3,B2074-Q3_3.tif,6.2466271722061055
298,B2074-Q3,4,B2074-Q3_4.tif,6.088649497957555
299,B2074-Q3,5,B2074-Q3_5.tif,5.930326782430771
300,B2074-Q3,6,B2074-Q3_6.tif,6.860370575642842
301,B2074-Q3,7,B2074-Q3_7.tif,6.750594751906796
302,B2074-Q3,8,B2074-Q3_8.tif,6.131257831182484
303,B2074-Q3,9,B2074-Q3_9.tif,6.2786481275329855
304,B2074-Q3,10,B2074-Q3_10.tif,6.97747097827533
305,B2074-Q3,11,B2074-Q3_11.tif,6.452495057335968
306,B2074-Q3,12,B2074-Q3_12.tif,6.5614395683347775
307,B2074-Q3,13,B2074-Q3_13.tif,6.0430326087951824
308,B2074-Q3,14,B2074-Q3_14.tif,5.9411644794669645
309,B2074-Q3,15,B2074-Q3_15.tif,6.800071405700781
310,B2074-Q3,16,B2074-Q3_16.tif,6.083266980765877
311,B2074-Q3,17,B2074-Q3_17.tif,6.506422291204881
312,B2074-Q3,18,B2074-Q3_18.tif,6.12697036034353
313,B2074-Q3,19,B2074-Q3_19.tif,6.583520727561168
314,B2074-Q3,20,B2074-Q3_20.tif,5.5543418846886965
315,B2074-Q3,21,B2074-Q3_21.tif,5.690149183703992
316,B2074-Q3,22,B2074-Q3_22.tif,6.300945159208768
317,B2074-Q3,23,B2074-Q3_23.tif,6.617353151925918
318,B2074-Q3,24,B2074-Q3_24.tif,7.049624434853867
319,B2074-Q3,25,B2074-Q3_25.tif,5.88621742698535
320,B2074-Q3,26,B2074-Q3_26.tif,6.125229715865745
321,B2074-Q3,27,B2074-Q3_27.tif,6.607500235197655
322,B2074-Q5,0,B2074-Q5_0.tif,6.592323972859404
323,B2074-Q5,1,B2074-Q5_1.tif,6.391053340147258
324,B2074-Q5,2,B2074-Q5_2.tif,5.790447808538975
325,B2074-Q5,3,B2074-Q5_3.tif,6.418007729367709
326,B2074-Q5,4,B2074-Q5_4.tif,6.616156278655487
327,B2074-Q5,5,B2074-Q5_5.tif,5.731413336818434
328,B2074-Q5,6,B2074-Q5_6.tif,6.502580175240483
329,B2074-Q5,7,B2074-Q5_7.tif,5.908988098027473
330,B2074-Q5,8,B2074-Q5_8.tif,5.584102679246203
331,B2074-Q5,9,B2074-Q5_9.tif,6.5995056113489605
332,B2074-Q5,10,B2074-Q5_10.tif,5.789264417638281
333,B2074-Q5,11,B2074-Q5_11.tif,5.925291474582746
334,B2074-Q5,12,B2074-Q5_12.tif,5.999720734669659
335,B2074-Q5,13,B2074-Q5_13.tif,6.620351833879578
336,B2074-Q5,14,B2074-Q5_14.tif,5.834209682190868
337,B2074-Q5,15,B2074-Q5_15.tif,6.146134369377944
338,B2074-Q5,16,B2074-Q5_16.tif,5.697409985839991
339,B2074-Q5,17,B2074-Q5_17.tif,6.200309341804725
340,B2074-Q5,18,B2074-Q5_18.tif,6.336676569269186
341,B2074-Q5,19,B2074-Q5_19.tif,6.180677553257959
342,B2074-Q5,20,B2074-Q5_20.tif,6.887365791292955
343,B2074-Q5,21,B2074-Q5_21.tif,6.479062679977268
344,B2074-Q5,22,B2074-Q5_22.tif,6.003494642886065
345,B2074-Q5,23,B2074-Q5_23.tif,6.57539521516133
346,B2074-Q5,24,B2074-Q5_24.tif,6.096312670141789
347,B2074-Q5,25,B2074-Q5_25.tif,6.370622439060307
348,B2074-Q5,26,B2074-Q5_26.tif,6.291682574888301
349,B2074-Q5,27,B2074-Q5_27.tif,6.295636312951434
350,B2074-Q5,28,B2074-Q5_28.tif,6.173920611160948
351,B2074-Q5,29,B2074-Q5_29.tif,6.70135325736733
352,B2074-Q5,30,B2074-Q5_30.tif,6.624499647089476
353,B2074-Q5,31,B2074-Q5_31.tif,6.3629991100519145
354,B2074-Q5,32,B2074-Q5_32.tif,5.835939556208412
355,B2074-Q5,33,B2074-Q5_33.tif,5.920965760340721
356,B2074-Q5,34,B2074-Q5_34.tif,6.436153574065032
357,B2074-Q5,35,B2074-Q5_35.tif,6.515500207791905
358,B2074-Q5,36,B2074-Q5_36.tif,5.87792287838677
359,B2074-Q5,37,B2074-Q5_37.tif,5.613344282402806
360,B2074-Q5,38,B2074-Q5_38.tif,5.654269253100776
361,B2074-Q5,39,B2074-Q5_39.tif,6.303122285639306
362,B2074-Q5,40,B2074-Q5_40.tif,6.125199191072737
363,B2074-Q5,41,B2074-Q5_41.tif,6.536537472429944
364,B2074-Q5,42,B2074-Q5_42.tif,6.824549403705141
365,B2074-Q5,43,B2074-Q5_43.tif,5.768645130435545
366,B2074-Q5,44,B2074-Q5_44.tif,6.561848682127809
367,B2074-Q5,45,B2074-Q5_45.tif,6.5205749107561815
368,B2074-Q5,46,B2074-Q5_46.tif,6.788306344556376
369,B2074-Q5,47,B2074-Q5_47.tif,5.344882234887774
370,B2086_region1,0,B2086_region1_0.tif,6.229521701759718
371,B2086_region1,1,B2086_region1_1.tif,5.983080373714199
372,B2086_region1,2,B2086_region1_2.tif,6.803978079817933
373,B2086_region1,3,B2086_region1_3.tif,6.455564581794396
374,B2086_region1,4,B2086_region1_4.tif,6.765423564550056
375,B2086_region1,5,B2086_region1_5.tif,6.605538949589474
376,B2086_region1,6,B2086_region1_6.tif,6.714667580121506
377,B2086_region1,7,B2086_region1_7.tif,6.080265695511824
378,B2086_region1,8,B2086_region1_8.tif,6.850714257235876
379,B2086_region1,9,B2086_region1_9.tif,6.831062190724549
380,B2086_region1,10,B2086_region1_10.tif,7.126434219271545
381,B2086_region1,11,B2086_region1_11.tif,7.1622380739663685
382,B2086_region1,12,B2086_region1_12.tif,7.369892366680005
383,B2086_region1,13,B2086_region1_13.tif,6.891143708763011
384,B2086_region1,14,B2086_region1_14.tif,6.742792610983188
385,B2086_region1,15,B2086_region1_15.tif,7.311797452086367
386,B2086_region1,16,B2086_region1_16.tif,6.048524574820521
387,B2086_region1,17,B2086_region1_17.tif,6.175426377734527
388,B2086_region1,18,B2086_region1_18.tif,6.3962177414999895
389,B2086_region1,19,B2086_region1_19.tif,6.279301382194258
390,B2086_region1,20,B2086_region1_20.tif,5.538850082622679
391,B2086_region2,0,B2086_region2_0.tif,6.2879747959369405
392,B2086_region2,1,B2086_region2_1.tif,6.40847373558554
393,B2086_region2,2,B2086_region2_2.tif,5.592678258162369
394,B2086_region2,3,B2086_region2_3.tif,6.156778572481835
395,B2086_region2,4,B2086_region2_4.tif,5.928070662257712
396,B2086_region2,5,B2086_region2_5.tif,5.3669493652443885
397,B2086_region2,6,B2086_region2_6.tif,6.18425105889286
398,B2086_region2,7,B2086_region2_7.tif,6.243236719182055
399,B2086_region2,8,B2086_region2_8.tif,6.336176336434661
400,B2086_region2,9,B2086_region2_9.tif,6.7959431520381095
401,B2086_region2,10,B2086_region2_10.tif,5.970641673402229
402,B2086_region2,11,B2086_region2_11.tif,5.811739662696112
403,B2086_region2,12,B2086_region2_12.tif,6.013108448212304
404,B2086_region2,13,B2086_region2_13.tif,6.440686258558932
405,B2086_region2,14,B2086_region2_14.tif,5.742159519617599
406,B2086_region2,15,B2086_region2_15.tif,6.554123176413908
407,B2086_region2,16,B2086_region2_16.tif,6.036817124026286
408,B2086_region2,17,B2086_region2_17.tif,6.589045535346785
409,B2086_region2,18,B2086_region2_18.tif,6.624631048397666
410,B2086_region2,19,B2086_region2_19.tif,5.920933656942568
411,B2086_region2,20,B2086_region2_20.tif,5.787402264318045
412,B2086_region2,21,B2086_region2_21.tif,6.5657193004676095
413,B2086_region2,22,B2086_region2_22.tif,5.535817939608254
414,B2086_region2,23,B2086_region2_23.tif,6.567596896253007
415,B2086_region2,24,B2086_region2_24.tif,5.80333139007049
416,B2086_region2,25,B2086_region2_25.tif,6.737358392476537
417,B2086_region2,26,B2086_region2_26.tif,6.05275904972199
418,B2086_region2,27,B2086_region2_27.tif,6.039145128508434
419,B2086_region2,28,B2086_region2_28.tif,6.4019388740036165
420,B2091_region2,0,B2091_region2_0.tif,5.93630183703826
421,B2091_region2,1,B2091_region2_1.tif,5.481198747838324
422,B2091_region2,2,B2091_region2_2.tif,5.720347225225874
423,B2091_region2,3,B2091_region2_3.tif,5.695431246507032
424,B2091_region2,4,B2091_region2_4.tif,6.027074427927576
425,B2091_region2,5,B2091_region2_5.tif,5.456658279646173
426,B2091_region2,6,B2091_region2_6.tif,5.50343775474198
427,B2091_region2,7,B2091_region2_7.tif,6.91604254544108
428,B2091_region2,8,B2091_region2_8.tif,5.274146409786652
429,B2091_region2,9,B2091_region2_9.tif,6.007155855345489
430,B2091_region2,10,B2091_region2_10.tif,5.645057814643003
431,B2091_region2,11,B2091_region2_11.tif,6.306625764478098
432,B2091_region2,12,B2091_region2_12.tif,6.126705299257726
433,B2091_region2,13,B2091_region2_13.tif,6.533611901002646
434,B2091_region2,14,B2091_region2_14.tif,6.820095877652632
435,B2091_region2,15,B2091_region2_15.tif,5.203847557812614
436,B2091_region2,16,B2091_region2_16.tif,5.66276353668312
437,B2091_region2,17,B2091_region2_17.tif,5.527854733372503
438,B2091_region2,18,B2091_region2_18.tif,5.137728697935742
439,B2091_region2,19,B2091_region2_19.tif,5.2107661230208695
440,B2091_region2,20,B2091_region2_20.tif,5.666884421635624
441,B2091_region2,21,B2091_region2_21.tif,5.508971246400459
442,B2091_region2,22,B2091_region2_22.tif,6.068113933004524
443,B2091_region2,23,B2091_region2_23.tif,5.965769780527931
444,B2091_region2,24,B2091_region2_24.tif,5.23309176121135
445,B2091_region2,25,B2091_region2_25.tif,5.687825375915711
446,B2091_region2,26,B2091_region2_26.tif,6.027193945078429
447,B2091_region2,27,B2091_region2_27.tif,6.670038015930428
448,B2091_region2,28,B2091_region2_28.tif,6.246277877977397
449,B2091_region2,29,B2091_region2_29.tif,5.727710611653341
450,B2091_region2,30,B2091_region2_30.tif,5.544066025898592
451,B2091_region2,31,B2091_region2_31.tif,6.07034844277204
452,B2091_region2,32,B2091_region2_32.tif,5.025981077386472
453,B2091_region2,33,B2091_region2_33.tif,6.676083547976996
454,B2091_region2,34,B2091_region2_34.tif,6.3840302145156045
455,B2128-Q3,0,B2128-Q3_0.tif,5.599437431412578
456,B2128-Q3,1,B2128-Q3_1.tif,5.544163678969623
457,B2128-Q3,2,B2128-Q3_2.tif,6.47430800974912
458,B2128-Q3,3,B2128-Q3_3.tif,6.272540991784467
459,B2128-Q3,4,B2128-Q3_4.tif,6.270958033130956
460,B2128-Q3,5,B2128-Q3_5.tif,6.351039039706538
461,B2128-Q3,6,B2128-Q3_6.tif,6.640776654235506
462,B2128-Q3,7,B2128-Q3_7.tif,6.169026605799745
463,B2128-Q3,8,B2128-Q3_8.tif,6.049374844408749
464,B2128-Q3,9,B2128-Q3_9.tif,6.332612528007446
465,B2128-Q3,10,B2128-Q3_10.tif,6.100363041982195
466,B2128-Q3,11,B2128-Q3_11.tif,6.751519948683705
467,B2128-Q3,12,B2128-Q3_12.tif,5.381881535569756
468,B2128-Q3,13,B2128-Q3_13.tif,6.931066412244834
469,B2128-Q3,14,B2128-Q3_14.tif,6.737992518866548
470,B2128-Q3,15,B2128-Q3_15.tif,5.87396640610917
471,B2128-Q3,16,B2128-Q3_16.tif,6.256046336135935
472,B2128-Q3,17,B2128-Q3_17.tif,6.426652935193678
473,B2128-Q3,18,B2128-Q3_18.tif,6.794583299155466
474,B2128-Q3,19,B2128-Q3_19.tif,5.939371321712272
475,B2128-Q3,20,B2128-Q3_20.tif,5.399671909274199
476,B2128-Q3,21,B2128-Q3_21.tif,6.156518877680302
477,B2128-Q3,22,B2128-Q3_22.tif,6.413002177198633
478,B2128-Q3,23,B2128-Q3_23.tif,5.482373927759364
479,B2128-Q3,24,B2128-Q3_24.tif,6.502925078324046
480,B2128-Q3,25,B2128-Q3_25.tif,6.344542108124701
481,B2128-Q3,26,B2128-Q3_26.tif,6.433178180841332
482,B2128-Q3,27,B2128-Q3_27.tif,6.180240558694606
483,B2128-Q3,28,B2128-Q3_28.tif,5.482971299342242
484,B2128-Q3,29,B2128-Q3_29.tif,6.60457461429753
485,B2128-Q3,30,B2128-Q3_30.tif,5.875110224568611
486,B2128-Q3,31,B2128-Q3_31.tif,6.219505113647619
487,B2128-Q3,32,B2128-Q3_32.tif,6.323807170836939
488,B2128-Q4,0,B2128-Q4_0.tif,6.002305517322616
489,B2128-Q4,1,B2128-Q4_1.tif,6.067279722031187
490,B2128-Q4,2,B2128-Q4_2.tif,5.563681727314498
491,B2128-Q4,3,B2128-Q4_3.tif,5.487013709718833
492,B2128-Q4,4,B2128-Q4_4.tif,6.773809603158735
493,B2128-Q4,5,B2128-Q4_5.tif,5.733309886646779
494,B2128-Q4,6,B2128-Q4_6.tif,5.756712355771317
495,B2128-Q4,7,B2128-Q4_7.tif,6.282105390844753
496,B2128-Q4,8,B2128-Q4_8.tif,6.52360964388029
497,B2128-Q4,9,B2128-Q4_9.tif,6.582437435851646
498,B2128-Q4,10,B2128-Q4_10.tif,6.3285759055970345
499,B2128-Q4,11,B2128-Q4_11.tif,5.621063490048681
500,B2128-Q4,12,B2128-Q4_12.tif,6.064251219364924
501,B2128-Q4,13,B2128-Q4_13.tif,6.815959537804819
502,B2128-Q4,14,B2128-Q4_14.tif,6.001036993828981
503,B2128-Q4,15,B2128-Q4_15.tif,5.341029477736425
504,B2128-Q4,16,B2128-Q4_16.tif,6.073684997314782
505,B2128-Q4,17,B2128-Q4_17.tif,5.757595943193504
506,B2128-Q4,18,B2128-Q4_18.tif,6.660475589761239
507,B2128-Q4,19,B2128-Q4_19.tif,7.037564348077897
508,B2128-Q4,20,B2128-Q4_20.tif,6.43587640694992
509,B2128-Q4,21,B2128-Q4_21.tif,5.849910814744641
510,B2128-Q4,22,B2128-Q4_22.tif,6.1296086111159465
511,B2128-Q4,23,B2128-Q4_23.tif,5.629464782847162
512,B2128-Q4,24,B2128-Q4_24.tif,6.681584942493412
513,B2128-Q4,25,B2128-Q4_25.tif,6.382010446151833
514,B2128-Q4,26,B2128-Q4_26.tif,6.681760211970682
515,B2128-Q4,27,B2128-Q4_27.tif,6.308117734775246
516,B2128-Q4,28,B2128-Q4_28.tif,6.65631956876968
517,B2128-Q4,29,B2128-Q4_29.tif,6.603347012862409
518,B2128-Q6,0,B2128-Q6_0.tif,6.64642066117283
519,B2128-Q6,1,B2128-Q6_1.tif,6.100470401475562
520,B2128-Q6,2,B2128-Q6_2.tif,5.339709659992169
521,B2128-Q6,3,B2128-Q6_3.tif,6.459873772312402
522,B2128-Q6,4,B2128-Q6_4.tif,6.363206205980766
523,B2128-Q6,5,B2128-Q6_5.tif,6.401588376624171
524,B2128-Q6,6,B2128-Q6_6.tif,6.21788359478794
525,B2128-Q6,7,B2128-Q6_7.tif,6.914485257097418
526,B2128-Q6,8,B2128-Q6_8.tif,6.473679927043233
527,B2128-Q6,9,B2128-Q6_9.tif,6.076239303412307
528,B2128-Q6,10,B2128-Q6_10.tif,6.271862887737327
529,B2128-Q6,11,B2128-Q6_11.tif,6.45882402153179
530,B2128-Q6,12,B2128-Q6_12.tif,6.391769114397532
531,B2128-Q6,13,B2128-Q6_13.tif,6.293647123140305
532,B2128-Q6,14,B2128-Q6_14.tif,6.293381601166803
533,B2128-Q6,15,B2128-Q6_15.tif,6.245701734790643
534,B2128-Q6,16,B2128-Q6_16.tif,5.874437548638497
535,B2166-Q4,0,B2166-Q4_0.tif,6.2956938566422895
536,B2166-Q4,1,B2166-Q4_1.tif,6.83278457220986
537,B2166-Q4,2,B2166-Q4_2.tif,6.9836083657150185
538,B2166-Q4,3,B2166-Q4_3.tif,6.885741679731186
539,B2166-Q4,4,B2166-Q4_4.tif,5.971142397875443
540,B2166-Q4,5,B2166-Q4_5.tif,6.839135944912288
541,B2166-Q4,6,B2166-Q4_6.tif,6.444822808511312
542,B2166-Q4,7,B2166-Q4_7.tif,6.455027993000581
543,B2166-Q4,8,B2166-Q4_8.tif,6.343476530858959
544,B2166-Q4,9,B2166-Q4_9.tif,5.917983951692436
545,B2166-Q4,10,B2166-Q4_10.tif,6.913655972498907
546,B2166-Q4,11,B2166-Q4_11.tif,5.193906470441132
547,B2166-Q4,12,B2166-Q4_12.tif,5.196462827863948
548,B2166-Q4,13,B2166-Q4_13.tif,6.759949758729399
549,B2166-Q4,14,B2166-Q4_14.tif,6.527804697249177
550,B2166-Q4,15,B2166-Q4_15.tif,6.460813105936743
551,B2166-Q4,16,B2166-Q4_16.tif,6.500461064228733
552,B2166-Q4,17,B2166-Q4_17.tif,5.497430972661198
553,B2166-Q4,18,B2166-Q4_18.tif,5.982733956387949
554,B2166-Q4,19,B2166-Q4_19.tif,6.2585169035125965
555,B2166-Q4,20,B2166-Q4_20.tif,6.9451428468892304
556,B2220-Q3,0,B2220-Q3_0.tif,6.176731156884705
557,B2220-Q3,1,B2220-Q3_1.tif,5.592950997684368
558,B2220-Q3,2,B2220-Q3_2.tif,6.192631519811771
559,B2220-Q3,3,B2220-Q3_3.tif,6.32388610617005
560,B2220-Q3,4,B2220-Q3_4.tif,6.329879161608107
561,B2220-Q3,5,B2220-Q3_5.tif,6.237858674881748
562,B2220-Q3,6,B2220-Q3_6.tif,5.885783649801903
563,B2220-Q3,7,B2220-Q3_7.tif,6.831116323926923
564,B2220-Q3,8,B2220-Q3_8.tif,5.803735370425472
565,B2220-Q3,9,B2220-Q3_9.tif,5.304932260960198
566,B2220-Q3,10,B2220-Q3_10.tif,6.279836071032559
567,B2220-Q3,11,B2220-Q3_11.tif,6.056634781330966
568,B2220-Q3,12,B2220-Q3_12.tif,6.504659503857927
569,B2220-Q3,13,B2220-Q3_13.tif,6.845018651653104
570,B2220-Q3,14,B2220-Q3_14.tif,5.585209737018126
571,B2220-Q3,15,B2220-Q3_15.tif,5.68497594927035
572,B2220-Q3,16,B2220-Q3_16.tif,6.433102163092624
573,B2220-Q3,17,B2220-Q3_17.tif,7.03305888426894
574,B2220-Q3,18,B2220-Q3_18.tif,6.688590605228038
575,B2220-Q3,19,B2220-Q3_19.tif,6.024362560349033
576,B2251_region1,0,B2251_region1_0.tif,5.575467287946855
577,B2251_region1,1,B2251_region1_1.tif,6.066660601222254
578,B2251_region1,2,B2251_region1_2.tif,5.743745147649361
579,B2251_region1,3,B2251_region1_3.tif,5.60313781313647
580,B2251_region1,4,B2251_region1_4.tif,5.900906270341969
581,B2251_region1,5,B2251_region1_5.tif,6.184159494074671
582,B2251_region1,6,B2251_region1_6.tif,6.074543729790739
583,B2251_region1,7,B2251_region1_7.tif,5.134043477123047
584,B2251_region1,8,B2251_region1_8.tif,6.438656515670694
585,B2251_region1,9,B2251_region1_9.tif,6.128623666993443
586,B2251_region1,10,B2251_region1_10.tif,6.696283397802312
587,B2251_region1,11,B2251_region1_11.tif,6.194820231448453
588,B2251_region1,12,B2251_region1_12.tif,6.449924005405338
589,B2251_region1,13,B2251_region1_13.tif,6.708982185782567
590,B2251_region1,14,B2251_region1_14.tif,5.913189506975392
591,B2251_region1,15,B2251_region1_15.tif,5.708227315590424
592,B2251_region1,16,B2251_region1_16.tif,6.609207146830371
593,B2251_region1,17,B2251_region1_17.tif,6.691080134030414
594,B2251_region1,18,B2251_region1_18.tif,6.461968368132082
595,B2251_region1,19,B2251_region1_19.tif,6.467447385804695
596,B2251_region1,20,B2251_region1_20.tif,6.073999972413961
597,B2251_region1,21,B2251_region1_21.tif,5.407743665420742
598,B2251_region1,22,B2251_region1_22.tif,5.539405444598867
599,B2251_region1,23,B2251_region1_23.tif,5.610465972437584
600,B2251_region1,24,B2251_region1_24.tif,6.281563791944342
601,B2251_region1,25,B2251_region1_25.tif,5.168857360022757
602,B2255_region1,0,B2255_region1_0.tif,5.303898604295449
603,B2255_region1,1,B2255_region1_1.tif,5.511075982832666
604,B2255_region1,2,B2255_region1_2.tif,5.319298566426701
605,B2255_region1,3,B2255_region1_3.tif,6.289581191975854
606,B2255_region1,4,B2255_region1_4.tif,5.848034399092529
607,B2255_region1,5,B2255_region1_5.tif,5.960865155899436
608,B2255_region1,6,B2255_region1_6.tif,5.818436997106739
609,B2255_region1,7,B2255_region1_7.tif,6.105990214253644
610,B2255_region1,8,B2255_region1_8.tif,6.0341609545319095
611,B2255_region1,9,B2255_region1_9.tif,5.028093010589616
612,B2255_region1,10,B2255_region1_10.tif,6.200009251267631
613,B2255_region1,11,B2255_region1_11.tif,5.297969000757375
614,B2255_region1,12,B2255_region1_12.tif,6.109958692151064
615,B2255_region1,13,B2255_region1_13.tif,6.475832627750455
616,B2255_region1,14,B2255_region1_14.tif,6.10250482996129
617,B2255_region1,15,B2255_region1_15.tif,5.075320928209649
618,B2255_region1,16,B2255_region1_16.tif,5.798207242822159
619,B2255_region1,17,B2255_region1_17.tif,5.64951372171427
620,B2255_region1,18,B2255_region1_18.tif,5.824017040954037
621,B2255_region1,19,B2255_region1_19.tif,6.431283742777569
622,B2255_region1,20,B2255_region1_20.tif,6.125352009203572
623,B2255_region1,21,B2255_region1_21.tif,6.2244418898048925
624,B2255_region1,22,B2255_region1_22.tif,5.876503063500752
625,B2255_region1,23,B2255_region1_23.tif,6.549119965679664
626,B2255_region1,24,B2255_region1_24.tif,5.685305213291547
627,B2255_region1,25,B2255_region1_25.tif,6.223411138983518
628,B2255_region1,26,B2255_region1_26.tif,5.860818664117728
629,B2255_region1,27,B2255_region1_27.tif,5.197702935489088
630,B2255_region1,28,B2255_region1_28.tif,5.353632609969586
631,B2255_region2,0,B2255_region2_0.tif,6.114021060495786
632,B2255_region2,1,B2255_region2_1.tif,6.427006217216386
633,B2255_region2,2,B2255_region2_2.tif,6.288661482539187
634,B2255_region2,3,B2255_region2_3.tif,6.778266101485428
635,B2255_region2,4,B2255_region2_4.tif,6.120845907493832
636,B2255_region2,5,B2255_region2_5.tif,5.9516922508868975
637,B2255_region2,6,B2255_region2_6.tif,6.122911462394667
638,B2255_region2,7,B2255_region2_7.tif,5.914737302497051
639,B2255_region2,8,B2255_region2_8.tif,5.911991979536743
640,B2255_region2,9,B2255_region2_9.tif,5.579748418524198
641,B2255_region2,10,B2255_region2_10.tif,5.611850508305277
642,B2255_region2,11,B2255_region2_11.tif,6.230409136663039
643,B2255_region2,12,B2255_region2_12.tif,6.138001207651696
644,B2255_region2,13,B2255_region2_13.tif,6.148324291928558
645,B2255_region2,14,B2255_region2_14.tif,5.898219145028485
646,B2255_region2,15,B2255_region2_15.tif,5.885356351373194
647,B2255_region2,16,B2255_region2_16.tif,5.870720082743878
648,B2255_region2,17,B2255_region2_17.tif,5.781005287943878
649,B2255_region2,18,B2255_region2_18.tif,5.564014898813599
650,B2255_region2,19,B2255_region2_19.tif,5.8401405654937975
651,B2255_region2,20,B2255_region2_20.tif,6.554565523691006
652,B2255_region2,21,B2255_region2_21.tif,5.609584885876183
653,B2255_region2,22,B2255_region2_22.tif,6.047599798775563
654,B2255_region2,23,B2255_region2_23.tif,6.144186574497941
655,B2255_region2,24,B2255_region2_24.tif,5.2522097979903775
656,B2255_region2,25,B2255_region2_25.tif,6.359645989816919
657,B2255_region2,26,B2255_region2_26.tif,6.590414138887909
658,B2255_region2,27,B2255_region2_27.tif,6.148536021762082
659,B2255_region2,28,B2255_region2_28.tif,6.478575904636586
660,B2255_region2,29,B2255_region2_29.tif,6.10676309714516
661,B2255_region2,30,B2255_region2_30.tif,6.852527126027669
662,B2255_region2,31,B2255_region2_31.tif,6.727604791773255
663,B2255_region2,32,B2255_region2_32.tif,6.179952217995461
664,B2255_region2,33,B2255_region2_33.tif,6.1716085354744
665,B2255_region2,34,B2255_region2_34.tif,6.869322464169952
666,B2255_region2,35,B2255_region2_35.tif,6.176252506668851
667,B2255_region2,36,B2255_region2_36.tif,5.695681007154377
668,B2255_region2,37,B2255_region2_37.tif,5.988200275165911
669,B2255_region2,38,B2255_region2_38.tif,5.843377396228488
670,B2260_region1,0,B2260_region1_0.tif,6.468194809234034
671,B2260_region1,1,B2260_region1_1.tif,6.173930171406458
672,B2260_region1,2,B2260_region1_2.tif,4.623416789078109
673,B2260_region1,3,B2260_region1_3.tif,5.310622481961771
674,B2260_region1,4,B2260_region1_4.tif,5.303241435471694
675,B2260_region1,5,B2260_region1_5.tif,5.903075419087203
676,B2260_region1,6,B2260_region1_6.tif,5.718240716099648
677,B2260_region1,7,B2260_region1_7.tif,4.855444380051985
678,B2260_region1,8,B2260_region1_8.tif,6.007945033932198
679,B2260_region1,9,B2260_region1_9.tif,5.699854089849209
680,B2260_region1,10,B2260_region1_10.tif,4.88595555500507
681,B2260_region1,11,B2260_region1_11.tif,6.098018846505091
682,B2260_region1,12,B2260_region1_12.tif,5.773612221729065
683,B2260_region1,13,B2260_region1_13.tif,5.6509994906141925
684,B2260_region1,14,B2260_region1_14.tif,6.567921507173605
685,B2260_region1,15,B2260_region1_15.tif,5.7825894418992885
686,B2260_region1,16,B2260_region1_16.tif,6.5641278073838345
687,B2260_region1,17,B2260_region1_17.tif,5.883463476827592
688,B2260_region1,18,B2260_region1_18.tif,6.7476552732778
689,B2260_region1,19,B2260_region1_19.tif,5.819087009387345
690,B2260_region1,20,B2260_region1_20.tif,6.202138183750177
691,B2260_region1,21,B2260_region1_21.tif,6.244034724211934
692,B2260_region1,22,B2260_region1_22.tif,5.833020295526181
693,B2260_region1,23,B2260_region1_23.tif,5.866009012787817
694,B2260_region1,24,B2260_region1_24.tif,5.3814647896446495
695,B2260_region1,25,B2260_region1_25.tif,6.467238100239752
696,B2260_region1,26,B2260_region1_26.tif,6.054809342908415
697,B2260_region1,27,B2260_region1_27.tif,6.0588373641059565
698,B2260_region1,28,B2260_region1_28.tif,7.09971579078359
699,B2260_region1,29,B2260_region1_29.tif,6.191896154521457
700,B2260_region1,30,B2260_region1_30.tif,5.823196291480632
701,B2260_region1,31,B2260_region1_31.tif,5.386413544883908
702,B2260_region1,32,B2260_region1_32.tif,5.189744132040909
703,B2260_region1,33,B2260_region1_33.tif,6.1855204973368965
704,B2260_region1,34,B2260_region1_34.tif,6.0572160829389805
705,B2260_region1,35,B2260_region1_35.tif,5.958709694929576
706,B2260_region1,36,B2260_region1_36.tif,6.113930354358866
707,B2260_region1,37,B2260_region1_37.tif,6.448193740064534
708,B2260_region1,38,B2260_region1_38.tif,6.6195411096583845
709,B2260_region1,39,B2260_region1_39.tif,6.606753784608112
710,B2260_region1,40,B2260_region1_40.tif,6.31902545975698
711,B2260_region2,0,B2260_region2_0.tif,5.169801274566679
712,B2260_region2,1,B2260_region2_1.tif,5.919624260111676
713,B2260_region2,2,B2260_region2_2.tif,4.924930167546705
714,B2260_region2,3,B2260_region2_3.tif,5.289739012112185
715,B2260_region2,4,B2260_region2_4.tif,6.672206796587578
716,B2260_region2,5,B2260_region2_5.tif,6.20504531345167
717,B2260_region2,6,B2260_region2_6.tif,5.446623246151674
718,B2260_region2,7,B2260_region2_7.tif,5.793444578774007
719,B2260_region2,8,B2260_region2_8.tif,5.993382441520447
720,B2260_region2,9,B2260_region2_9.tif,6.251782081198388
721,B2260_region2,10,B2260_region2_10.tif,6.675515372702494
722,B2260_region2,11,B2260_region2_11.tif,6.357632236535713
723,B2260_region2,12,B2260_region2_12.tif,6.335585091391854
724,B2260_region2,13,B2260_region2_13.tif,6.020055745752618
725,B2260_region2,14,B2260_region2_14.tif,5.454779358817785
726,B2260_region2,15,B2260_region2_15.tif,6.64723716207049
727,B2260_region2,16,B2260_region2_16.tif,5.0311480444484085
728,B2260_region2,17,B2260_region2_17.tif,6.387876477211493
729,B2260_region2,18,B2260_region2_18.tif,6.27084334380624
730,B2260_region2,19,B2260_region2_19.tif,5.297220022108279
731,B2260_region2,20,B2260_region2_20.tif,5.736957840052586
732,B2260_region2,21,B2260_region2_21.tif,5.882605107676176
733,B2260_region2,22,B2260_region2_22.tif,5.847725894015886
734,B2260_region2,23,B2260_region2_23.tif,6.091826517912899
735,B2260_region2,24,B2260_region2_24.tif,6.141705251384423
736,B2260_region2,25,B2260_region2_25.tif,5.168632879516277
737,B2260_region2,26,B2260_region2_26.tif,5.527074492284575
738,B2260_region2,27,B2260_region2_27.tif,5.819315746378926
739,B2260_region2,28,B2260_region2_28.tif,6.471059456693142
740,B2260_region2,29,B2260_region2_29.tif,5.310749264846252
741,B2260_region2,30,B2260_region2_30.tif,6.167007871756834
742,B2260_region2,31,B2260_region2_31.tif,5.7293962102714335
743,B2260_region2,32,B2260_region2_32.tif,5.392156308981835
744,B2260_region2,33,B2260_region2_33.tif,5.933934182159264
745,B2367_region1,0,B2367_region1_0.tif,6.91490831022888
746,B2367_region1,1,B2367_region1_1.tif,7.581385875214018
747,B2367_region1,2,B2367_region1_2.tif,6.667931766870997
748,B2367_region1,3,B2367_region1_3.tif,6.285533515226357
749,B2367_region1,4,B2367_region1_4.tif,6.907080083697409
750,B2367_region1,5,B2367_region1_5.tif,6.943754784757767
751,B2367_region1,6,B2367_region1_6.tif,6.165979315785493
752,B2367_region1,7,B2367_region1_7.tif,5.778974311774067
753,B2367_region1,8,B2367_region1_8.tif,7.107142848194367
754,B2367_region1,9,B2367_region1_9.tif,6.0108466070076645
755,B2367_region1,10,B2367_region1_10.tif,6.223961294936564
756,B2367_region1,11,B2367_region1_11.tif,6.590920165390115
757,B2367_region1,12,B2367_region1_12.tif,6.612664668687353
758,B2367_region1,13,B2367_region1_13.tif,6.41831046656201
759,B2367_region1,14,B2367_region1_14.tif,7.023822089349311
760,B2367_region1,15,B2367_region1_15.tif,6.552455257275121
761,B2367_region1,16,B2367_region1_16.tif,6.330765722938273
762,B2367_region1,17,B2367_region1_17.tif,6.735049603341055
763,B2367_region1,18,B2367_region1_18.tif,5.996298376742372
764,B2367_region1,19,B2367_region1_19.tif,6.791119784306348
765,B2367_region1,20,B2367_region1_20.tif,6.612356359759367
766,B2367_region1,21,B2367_region1_21.tif,7.081734515059691
767,B2367_region1,22,B2367_region1_22.tif,7.366605698300051
768,B2367_region1,23,B2367_region1_23.tif,6.89625391330913
769,B2367_region1,24,B2367_region1_24.tif,7.037084045641194
770,B2367_region1,25,B2367_region1_25.tif,7.02948218279562
771,B2367_region1,26,B2367_region1_26.tif,7.252652825448279
772,B2367_region1,27,B2367_region1_27.tif,6.803563528742724
773,B2367_region1,28,B2367_region1_28.tif,6.981337495906811
774,B2461_region1,0,B2461_region1_0.tif,6.610037373782894
775,B2461_region1,1,B2461_region1_1.tif,6.391136450455863
776,B2461_region1,2,B2461_region1_2.tif,6.33197649988515
777,B2461_region1,3,B2461_region1_3.tif,6.053970077501254
778,B2461_region1,4,B2461_region1_4.tif,5.869788673762483
779,B2461_region1,5,B2461_region1_5.tif,5.8689006399588415
780,B2461_region1,6,B2461_region1_6.tif,5.925742295427241
781,B2461_region1,7,B2461_region1_7.tif,6.334535890751528
782,B2461_region1,8,B2461_region1_8.tif,6.011231215893416
783,B2461_region1,9,B2461_region1_9.tif,6.373547445071154
784,B2461_region1,10,B2461_region1_10.tif,6.328849820248995
785,B2461_region1,11,B2461_region1_11.tif,6.397964208073033
786,B2461_region1,12,B2461_region1_12.tif,5.953812135993545
787,B2461_region1,13,B2461_region1_13.tif,6.386823253328539
788,B2461_region1,14,B2461_region1_14.tif,6.549756705227484
789,B2461_region1,15,B2461_region1_15.tif,5.770891923435977
790,B2461_region1,16,B2461_region1_16.tif,6.591339914971639
791,B2461_region1,17,B2461_region1_17.tif,6.792347169399319
792,B2461_region1,18,B2461_region1_18.tif,6.370817220705402
793,B2461_region1,19,B2461_region1_19.tif,6.3771613424168025
794,B2461_region1,20,B2461_region1_20.tif,6.826909093003995
795,B2461_region1,21,B2461_region1_21.tif,6.2964540928536
796,B2461_region1,22,B2461_region1_22.tif,5.697198443441099
797,B2461_region1,23,B2461_region1_23.tif,5.876423908958395
798,B2461_region1,24,B2461_region1_24.tif,5.90546393072913
799,B2461_region1,25,B2461_region1_25.tif,5.861245740255279
800,B2461_region1,26,B2461_region1_26.tif,5.884838695376418
801,B2461_region1,27,B2461_region1_27.tif,5.181732440118606
802,B2461_region1,28,B2461_region1_28.tif,6.360500652124894
803,B2461_region1,29,B2461_region1_29.tif,5.7730128150051145
804,B2461_region1,30,B2461_region1_30.tif,6.3266506288519135
805,B2461_region1,31,B2461_region1_31.tif,6.073286401818686
806,B2461_region1,32,B2461_region1_32.tif,6.072561939096829
807,B2461_region1,33,B2461_region1_33.tif,5.176567520498431
808,B2461_region1,34,B2461_region1_34.tif,6.534843171122038
809,B2461_region1,35,B2461_region1_35.tif,5.842190371740042
810,B2461_region1,36,B2461_region1_36.tif,6.191645949326289
811,B2461_region1,37,B2461_region1_37.tif,6.33982004136158
812,B2461_region1,38,B2461_region1_38.tif,6.407341718834361
813,B2461_region1,39,B2461_region1_39.tif,6.555026858896977
814,B2461_region1,40,B2461_region1_40.tif,5.4814117303525975
815,B2461_region1,41,B2461_region1_41.tif,6.397178764911826
816,B2461_region1,42,B2461_region1_42.tif,5.962142413416103
817,B2461_region1,43,B2461_region1_43.tif,6.383332694167539
818,B2461_region1,44,B2461_region1_44.tif,6.038406284808147
819,B2461_region1,45,B2461_region1_45.tif,6.587991034435953
820,B2461_region1,46,B2461_region1_46.tif,5.4972112149404
821,B2461_region1,47,B2461_region1_47.tif,5.901960298386725
822,B2461_region1,48,B2461_region1_48.tif,5.339367517165712
823,B2461_region1,49,B2461_region1_49.tif,6.306063545552586
824,B2461_region1,50,B2461_region1_50.tif,5.7999447856293465
825,B2461_region1,51,B2461_region1_51.tif,5.904464144885656
826,B2461_region1,52,B2461_region1_52.tif,5.633409758312042
827,B2461_region1,53,B2461_region1_53.tif,5.831180244461818
828,B2461_region1,54,B2461_region1_54.tif,6.184543799598248
829,B2461_region1,55,B2461_region1_55.tif,5.775779518698513
830,B2461_region1,56,B2461_region1_56.tif,5.827945989370842
831,B2461_region1,57,B2461_region1_57.tif,6.488361193487112
832,B2461_region1,58,B2461_region1_58.tif,6.1830848524829545
833,B2461_region1,59,B2461_region1_59.tif,6.173631342983536
834,B2461_region1,60,B2461_region1_60.tif,5.652434971380983
835,B2461_region1,61,B2461_region1_61.tif,6.706270908766221
836,B2461_region1,62,B2461_region1_62.tif,6.061204047252419
837,B2461_region1,63,B2461_region1_63.tif,5.839677903251758
838,B2461_region1,64,B2461_region1_64.tif,6.92986941185378
839,B2461_region1,65,B2461_region1_65.tif,6.387705009844535
840,B2461_region1,66,B2461_region1_66.tif,6.462281885669175
841,B2461_region1,67,B2461_region1_67.tif,6.160222338425043
842,B2461_region1,68,B2461_region1_68.tif,6.736011704112751
843,B2461_region1,69,B2461_region1_69.tif,5.885494265928359
844,B2461_region1,70,B2461_region1_70.tif,6.373189807265026
845,B2461_region1,71,B2461_region1_71.tif,5.929999848534505
846,B2461_region1,72,B2461_region1_72.tif,5.880457207426428
847,B2461_region1,73,B2461_region1_73.tif,5.827637418821452
848,B2461_region1,74,B2461_region1_74.tif,6.231790038804514
849,B2461_region2,0,B2461_region2_0.tif,5.699744426116566
850,B2461_region2,1,B2461_region2_1.tif,6.35455082192369
851,B2461_region2,2,B2461_region2_2.tif,5.438510605315194
852,B2461_region2,3,B2461_region2_3.tif,5.699832103114561
853,B2461_region2,4,B2461_region2_4.tif,5.202561974783379
854,B2461_region2,5,B2461_region2_5.tif,5.430623498075464
855,B2461_region2,6,B2461_region2_6.tif,6.356234898696848
856,B2461_region2,7,B2461_region2_7.tif,6.045194838889064
857,B2461_region2,8,B2461_region2_8.tif,5.197213981983428
858,B2461_region2,9,B2461_region2_9.tif,6.067050948616076
859,B2461_region2,10,B2461_region2_10.tif,5.227335451281594
860,B2461_region2,11,B2461_region2_11.tif,5.395351828220667
861,B2461_region2,12,B2461_region2_12.tif,5.553164025564212
862,B2461_region2,13,B2461_region2_13.tif,5.882139047609344
863,B2461_region2,14,B2461_region2_14.tif,4.966797671340138
864,B2461_region2,15,B2461_region2_15.tif,5.628054867410121
865,B2461_region2,16,B2461_region2_16.tif,5.679192723945415
866,B2461_region2,17,B2461_region2_17.tif,5.271083830549883
867,B2461_region2,18,B2461_region2_18.tif,5.916184277621136
868,B2461_region2,19,B2461_region2_19.tif,5.344508916666132
869,B2461_region2,20,B2461_region2_20.tif,4.949309880988566
870,B2461_region2,21,B2461_region2_21.tif,5.5478708535965975
871,B2461_region2,22,B2461_region2_22.tif,5.749348438266562
872,B2461_region2,23,B2461_region2_23.tif,5.62380697316674
873,B2461_region2,24,B2461_region2_24.tif,5.967456386839716
874,B2461_region2,25,B2461_region2_25.tif,5.130857384024544
875,B2461_region2,26,B2461_region2_26.tif,5.770483543473589
876,B2461_region2,27,B2461_region2_27.tif,5.291073835210106
877,B2461_region2,28,B2461_region2_28.tif,5.988500012457331
878,B2461_region2,29,B2461_region2_29.tif,5.278059043270482
879,B2461_region2,30,B2461_region2_30.tif,5.616877333210322
880,B2461_region2,31,B2461_region2_31.tif,5.888693105442677
881,B2461_region2,32,B2461_region2_32.tif,5.350743350824561
882,B2461_region2,33,B2461_region2_33.tif,5.777727887556467
883,B2461_region2,34,B2461_region2_34.tif,5.486199552338653
884,B2461_region2,35,B2461_region2_35.tif,5.712724267739288
885,B2461_region2,36,B2461_region2_36.tif,5.18143801938926
886,B2461_region2,37,B2461_region2_37.tif,5.492691676417665
887,B2461_region2,38,B2461_region2_38.tif,6.14892781270706
888,B2461_region2,39,B2461_region2_39.tif,6.219925536756176
889,B2461_region2,40,B2461_region2_40.tif,5.805481898336804
890,B2461_region2,41,B2461_region2_41.tif,5.232105381762045
891,B2461_region2,42,B2461_region2_42.tif,5.668122998343977
892,B2461_region2,43,B2461_region2_43.tif,5.686327330148075
893,B2461_region2,44,B2461_region2_44.tif,5.556508679774261
894,B2461_region2,45,B2461_region2_45.tif,5.8027962727099744
895,B2461_region2,46,B2461_region2_46.tif,5.1163496808557545
896,B2461_region2,47,B2461_region2_47.tif,5.77203450088828
897,B2461_region2,48,B2461_region2_48.tif,5.500854987056826
898,B2461_region2,49,B2461_region2_49.tif,5.6598536068614695
899,B2461_region2,50,B2461_region2_50.tif,5.796448556402496
900,B2461_region2,51,B2461_region2_51.tif,5.625035997192869
901,B2461_region2,52,B2461_region2_52.tif,6.083792276626383
902,B2509-Q4,0,B2509-Q4_0.tif,6.821055625759872
903,B2509-Q4,1,B2509-Q4_1.tif,6.7264947865956914
904,B2509-Q4,2,B2509-Q4_2.tif,6.692529257440062
905,B2509-Q4,3,B2509-Q4_3.tif,6.176004537272695
906,B2509-Q4,4,B2509-Q4_4.tif,6.81335609230118
907,B2509-Q4,5,B2509-Q4_5.tif,6.062971039279322
908,B2509-Q4,6,B2509-Q4_6.tif,7.177680924660616
909,B2509-Q4,7,B2509-Q4_7.tif,7.05422151342919
910,B2509-Q4,8,B2509-Q4_8.tif,6.58099640700186
911,B2509-Q4,9,B2509-Q4_9.tif,6.382392291141449
912,B2509-Q4,10,B2509-Q4_10.tif,7.106743753921861
913,B2509-Q4,11,B2509-Q4_11.tif,6.250865848391931
914,B2509-Q4,12,B2509-Q4_12.tif,6.193219249775976
915,B2509-Q4,13,B2509-Q4_13.tif,6.31792818058869
916,B2509-Q4,14,B2509-Q4_14.tif,6.327407311831728
917,B2509-Q4,15,B2509-Q4_15.tif,5.709175273930374
918,B2509-Q4,16,B2509-Q4_16.tif,6.374509410953826
919,B2509-Q4,17,B2509-Q4_17.tif,6.077642771973087
920,B2509-Q4,18,B2509-Q4_18.tif,5.607680904227431
921,B2509-Q4,19,B2509-Q4_19.tif,6.028698597197503
922,B2509-Q4,20,B2509-Q4_20.tif,5.858484794529468
923,B2509-Q4,21,B2509-Q4_21.tif,6.594754713561988
924,B2509-Q4,22,B2509-Q4_22.tif,6.132193440672379
925,B2509-Q4,23,B2509-Q4_23.tif,6.476928879430003
926,B2509-Q4,24,B2509-Q4_24.tif,6.349566543985365
927,B2509-Q4,25,B2509-Q4_25.tif,6.314720940997345
928,BRPC-12-107_region1,0,BRPC-12-107_region1_0.tif,7.070724913284985
929,BRPC-12-107_region1,1,BRPC-12-107_region1_1.tif,6.749581200719241
930,BRPC-12-107_region1,2,BRPC-12-107_region1_2.tif,6.312899106306064
931,BRPC-12-107_region1,3,BRPC-12-107_region1_3.tif,6.600430940977384
932,BRPC-12-107_region1,4,BRPC-12-107_region1_4.tif,6.637928529470526
933,BRPC-12-107_region1,5,BRPC-12-107_region1_5.tif,6.656294062790788
934,BRPC-12-107_region1,6,BRPC-12-107_region1_6.tif,6.863133875275697
935,BRPC-12-107_region1,7,BRPC-12-107_region1_7.tif,6.246787748650514
936,BRPC-12-107_region1,8,BRPC-12-107_region1_8.tif,6.361790516907197
937,BRPC-12-107_region1,9,BRPC-12-107_region1_9.tif,7.308753128429203
938,BRPC-12-107_region1,10,BRPC-12-107_region1_10.tif,6.556702318852553
939,BRPC-12-107_region1,11,BRPC-12-107_region1_11.tif,5.864822129719856
940,BRPC-12-107_region1,12,BRPC-12-107_region1_12.tif,6.080747739986358
941,BRPC-12-107_region1,13,BRPC-12-107_region1_13.tif,6.4909822400237065
942,BRPC-12-107_region1,14,BRPC-12-107_region1_14.tif,6.313453634970921
943,BRPC-12-107_region1,15,BRPC-12-107_region1_15.tif,6.36990086144465
944,BRPC-12-107_region1,16,BRPC-12-107_region1_16.tif,6.089686217282513
945,BRPC-12-107_region1,17,BRPC-12-107_region1_17.tif,6.12410383439442
946,BRPC-12-107_region1,18,BRPC-12-107_region1_18.tif,6.662178740423884
947,BRPC-12-107_region1,19,BRPC-12-107_region1_19.tif,6.122986640668568
948,BRPC-12-107_region1,20,BRPC-12-107_region1_20.tif,7.01968129668328
949,BRPC-12-107_region1,21,BRPC-12-107_region1_21.tif,6.602405343669386
950,BRPC-12-107_region1,22,BRPC-12-107_region1_22.tif,6.523521214359739
951,BRPC-12-107_region1,23,BRPC-12-107_region1_23.tif,6.161687003153972
952,BRPC-12-107_region1,24,BRPC-12-107_region1_24.tif,6.630352227726012
953,BRPC-12-107_region1,25,BRPC-12-107_region1_25.tif,6.373605295743462
954,BRPC-12-107_region1,26,BRPC-12-107_region1_26.tif,6.759567018362455
955,BRPC-12-107_region1,27,BRPC-12-107_region1_27.tif,7.097993307942807
956,BRPC-12-107_region1,28,BRPC-12-107_region1_28.tif,6.758768260831636
957,BRPC-12-107_region1,29,BRPC-12-107_region1_29.tif,6.91219570510001
958,BRPC-12-107_region1,30,BRPC-12-107_region1_30.tif,6.794266690064541
959,BRPC-12-107_region2,0,BRPC-12-107_region2_0.tif,7.407729329783176
960,BRPC-12-107_region2,1,BRPC-12-107_region2_1.tif,7.359229888464133
961,BRPC-12-107_region2,2,BRPC-12-107_region2_2.tif,6.356671353035925
962,BRPC-12-107_region2,3,BRPC-12-107_region2_3.tif,7.295223727708151
963,BRPC-12-107_region2,4,BRPC-12-107_region2_4.tif,7.554933697321213
964,BRPC-12-107_region2,5,BRPC-12-107_region2_5.tif,6.793552353295826
965,BRPC-12-107_region2,6,BRPC-12-107_region2_6.tif,7.20769770089331
966,BRPC-12-107_region2,7,BRPC-12-107_region2_7.tif,7.051697132492979
967,BRPC-12-107_region2,8,BRPC-12-107_region2_8.tif,6.22950342923505
968,BRPC-12-107_region2,9,BRPC-12-107_region2_9.tif,6.309982775110547
969,BRPC-12-107_region2,10,BRPC-12-107_region2_10.tif,6.964157693408647
970,BRPC-12-107_region2,11,BRPC-12-107_region2_11.tif,7.025863415558856
971,BRPC-12-107_region2,12,BRPC-12-107_region2_12.tif,6.950593968655224
972,BRPC-12-107_region2,13,BRPC-12-107_region2_13.tif,7.3015212493618415
973,BRPC-12-107_region2,14,BRPC-12-107_region2_14.tif,6.48067828199281
974,BRPC-12-107_region2,15,BRPC-12-107_region2_15.tif,6.619219382855998
975,BRPC-12-107_region2,16,BRPC-12-107_region2_16.tif,7.269718177680876
976,BRPC-12-107_region2,17,BRPC-12-107_region2_17.tif,6.987642791264926
977,BRPC-12-107_region2,18,BRPC-12-107_region2_18.tif,6.1368075250571525
978,BRPC-12-107_region2,19,BRPC-12-107_region2_19.tif,6.5234463220174455
979,BRPC-12-107_region2,20,BRPC-12-107_region2_20.tif,6.50793569915909
980,BRPC-12-107_region2,21,BRPC-12-107_region2_21.tif,7.245493301286947
981,BRPC-12-107_region2,22,BRPC-12-107_region2_22.tif,7.35129210993701
982,BRPC-12-107_region2,23,BRPC-12-107_region2_23.tif,7.486813862034934
983,BRPC-12-107_region2,24,BRPC-12-107_region2_24.tif,6.822012995019233
984,BRPC-12-107_region2,25,BRPC-12-107_region2_25.tif,7.558770888093003
985,BRPC-12-107_region2,26,BRPC-12-107_region2_26.tif,6.743439319379141
986,BRPC-12-107_region2,27,BRPC-12-107_region2_27.tif,7.588368809073287
987,BRPC-12-107_region2,28,BRPC-12-107_region2_28.tif,7.1836457633517705
988,BRPC-12-107_region2,29,BRPC-12-107_region2_29.tif,6.606549282191461
989,BRPC-12-107_region2,30,BRPC-12-107_region2_30.tif,7.409907693782356
990,BRPC-12-107_region2,31,BRPC-12-107_region2_31.tif,7.048091532170288
991,BRPC-12-107_region2,32,BRPC-12-107_region2_32.tif,6.501602217476679
992,BRPC-12-107_region2,33,BRPC-12-107_region2_33.tif,7.302587035995999
993,BRPC-12-107_region2,34,BRPC-12-107_region2_34.tif,7.298317057056442
994,BRPC-12-107_region2,35,BRPC-12-107_region2_35.tif,7.238721781394346
995,BRPC-12-107_region2,36,BRPC-12-107_region2_36.tif,6.666212578034241
996,BRPC-12-107_region2,37,BRPC-12-107_region2_37.tif,6.877534039405662
997,BRPC-12-107_region2,38,BRPC-12-107_region2_38.tif,6.292822798223527
998,BRPC-12-107_region2,39,BRPC-12-107_region2_39.tif,6.486484888202685
999,BRPC-12-107_region2,40,BRPC-12-107_region2_40.tif,6.726252651397697
